Código modular,Código de institución,Nombre de IE,Nivel / Modalidad,Tipo de Gestión,Dependencia,Dirección de IE,Departamento / Provincia / Distrito,Alumnos (Censo educativo),Docentes (Censo educativo),Secciones (Censo educativo),GeoLocation
225110,22308602.0,135,Inicial - Jardín,Pública de gestión directa,Sector Educación,CALLE COMERCIO 738,Arequipa / Islay / Mollendo,118.0,6.0,6.0,"-17.0195,-72.0119"
225359,25270266.0,LAS CRUCES,Inicial - Jardín,Pública de gestión directa,Sector Educación,CALLE ESPINAR 227,Arequipa / Islay / Mollendo,50.0,3.0,3.0,"-17.0191,-72.0101"
225367,22297481.0,VILLA LOURDES,Inicial - Jardín,Pública de gestión directa,Sector Educación,CALLE ROBERT KENNEDY S/N,Arequipa / Islay / Mollendo,24.0,2.0,3.0,"-17.0278,-72.0189"
307389,26767245.0,SAN FRANCISCO DE ASIS,Primaria,Privada,Comunidad o asociación religiosa,HORTENCIA PARDO,Arequipa / Islay / Mollendo,171.0,13.0,10.0,"-17.0198,-72.0177"
307397,24631151.0,MARIA AUXILIADORA,Primaria,Privada,Particular,AVENIDA MARISCAL CASTILLA 204,Arequipa / Islay / Mollendo,53.0,10.0,6.0,"-17.0281,-72.0140"
309195,22306626.0,DEAN VALDIVIA,Secundaria,Pública de gestión directa,Sector Educación,AVENIDA MARISCAL CASTILLA 1001,Arequipa / Islay / Mollendo,603.0,37.0,22.0,"-17.0248,-72.0177"
309328,26689457.0,SAN VICENTE DE PAUL,Secundaria,Pública de gestión privada,Convenio con Sector Educación,CALLE COMERCIO 1014,Arequipa / Islay / Mollendo,344.0,31.0,16.0,"-17.0191,-72.0113"
309922,26767245.0,SAN FRANCISCO DE ASIS,Secundaria,Privada,Comunidad o asociación religiosa,HORTENCIA PARDO,Arequipa / Islay / Mollendo,246.0,18.0,9.0,"-17.0206,-72.0132"
310045,24631151.0,MARIA AUXILIADORA,Secundaria,Privada,Particular,AVENIDA MARISCAL CASTILLA 204,Arequipa / Islay / Mollendo,83.0,9.0,5.0,"-17.0182,-72.0142"
313528,24580571.0,40472 CARLOS M. FEBRES,Primaria,Pública de gestión directa,Sector Educación,CALLE TEOFILO NUÑEZ 201,Arequipa / Islay / Mollendo,405.0,18.0,14.0,"-17.0263,-72.0107"
313536,22283855.0,40473 JOSE EMILIO PACHECO ANTEZANA,Primaria,Pública de gestión directa,Sector Educación,CALLE PUNO 347,Arequipa / Islay / Mollendo,249.0,13.0,10.0,"-17.0250,-72.0109"
313544,24373411.0,40474 JOSE CARLOS MARIATEGUI,Primaria,Pública de gestión directa,Sector Educación,AVENIDA INDEPENDENCIA S/N,Arequipa / Islay / Mollendo,232.0,16.0,12.0,"-17.0265,-72.0152"
313569,24580407.0,40476 MERCEDES MANRIQUE FUENTES,Primaria,Pública de gestión directa,Sector Educación,MZ F-G,Arequipa / Islay / Mollendo,164.0,8.0,7.0,"-17.0235,-72.0150"
313577,22283774.0,40477 HILDA CANDIOTTI DE BORGER,Primaria,Pública de gestión directa,Sector Educación,CALLE IQUITOS 363,Arequipa / Islay / Mollendo,50.0,7.0,6.0,"-17.0269,-72.0195"
485375,22297716.0,SEÑOR DE LA DIVINA MISERICORDIA,Inicial - Jardín,Pública de gestión directa,Sector Educación,CALLE FRANCISCO BOLOGNESI 505,Arequipa / Islay / Mollendo,42.0,4.0,4.0,"-17.0221,-72.0138"
610667,22306626.0,DEAN VALDIVIA,Básica Alternativa - Inicial e Intermedio,Pública de gestión directa,Sector Educación,AVENIDA MARISCAL CASTILLA 1001,Arequipa / Islay / Mollendo,32.0,2.0,4.0,"-17.0232,-72.0177"
617506,22404067.0,40492 DANIEL ALCIDES CARRION,Primaria,Pública de gestión directa,Sector Educación,CALLE SAN MARTIN 100,Arequipa / Islay / Mollendo,195.0,10.0,8.0,"-17.0210,-72.0132"
617530,24373411.0,40474 JOSE CARLOS MARIATEGUI,Secundaria,Pública de gestión directa,Sector Educación,AVENIDA INDEPENDENCIA S/N,Arequipa / Islay / Mollendo,272.0,26.0,13.0,"-17.0193,-72.0171"
634279,24580571.0,40472 CARLOS M. FEBRES,Inicial - Jardín,Pública de gestión directa,Sector Educación,CALLE TEOFILO NUÑEZ 201,Arequipa / Islay / Mollendo,72.0,3.0,3.0,"-17.0239,-72.0100"
637330,23532174.0,MOLLENDO,Básica Especial - Primaria,Pública de gestión directa,Sector Educación,CALLE PUNO 710,Arequipa / Islay / Mollendo,40.0,7.0,8.0,"-17.0200,-72.0168"
770040,24991431.0,41050 DIVINO MAESTRO,Primaria,Pública de gestión directa,Sector Educación,AVENIDA 30 DE AGOSTO S/N,Arequipa / Islay / Mollendo,89.0,7.0,6.0,"-17.0240,-72.0191"
891028,24512355.0,MI CARRUSEL,Inicial - Jardín,Privada,Particular,AVENIDA MARISCAL CASTILLA 436,Arequipa / Islay / Mollendo,56.0,3.0,3.0,"-17.0209,-72.0185"
891119,23533243.0,SEÑOR DE LOS MILAGROS,Inicial - Jardín,Pública de gestión directa,Sector Educación,CALLE 6 Y AV. PRINCIPAL S/N SECTOR ALTO BELLAVISTA PUEBLO JOVEN,Arequipa / Islay / Mollendo,68.0,4.0,4.0,"-17.0266,-72.0155"
891614,26268028.0,JAIMITO,Inicial - Cuna Jardín,Privada,Particular,CALLE IQUITOS 670,Arequipa / Islay / Mollendo,133.0,7.0,7.0,"-17.0268,-72.0131"
891762,24580407.0,40476 MERCEDES MANRIQUE FUENTES,Secundaria,Pública de gestión directa,Sector Educación,MZ F-G,Arequipa / Islay / Mollendo,208.0,20.0,9.0,"-17.0265,-72.0120"
1188200,26784727.0,SAN VICENTE DE PAUL,Primaria,Privada,Comunidad o asociación religiosa,CALLE COMERCIO 1014,Arequipa / Islay / Mollendo,341.0,15.0,12.0,"-17.0198,-72.0158"
1203561,22307878.0,40681 FRAY MARTIN,Primaria,Pública de gestión directa,Sector Educación,CALLE AVIS BELLAVISTA S/N,Arequipa / Islay / Mollendo,174.0,7.0,6.0,"-17.0271,-72.0134"
1239243,24630404.0,CIENCIAS ITALO PERUANO ENRICO FERMI,Secundaria,Privada,Particular,MZ F LOTE 2,Arequipa / Islay / Mollendo,131.0,8.0,6.0,"-17.0232,-72.0112"
1344100,24512436.0,GARABATOS KID'S,Inicial - Cuna Jardín,Privada,Particular,AVENIDA MARISCAL CASTILLA 515 MZ S-1 LOTE 07,Arequipa / Islay / Mollendo,75.0,4.0,4.0,"-17.0249,-72.0134"
1344159,24512274.0,MI PEQUEÑO MUNDO,Inicial - Cuna Jardín,Privada,Particular,AVENIDA MARISCAL CASTILLA 1048,Arequipa / Islay / Mollendo,23.0,2.0,2.0,"-17.0201,-72.0131"
1344258,24630404.0,CIENCIAS ITALO PERUANO ENRICO FERMI,Primaria,Privada,Particular,MZ F LOTE 2,Arequipa / Islay / Mollendo,125.0,6.0,6.0,"-17.0281,-72.0100"
1344324,26974801.0,KRONUNG VON MARIA INMACULADA,Inicial - Jardín,Privada,Particular,CARRETERA VIA DE EVITAMIENTO KM 14,Arequipa / Islay / Mollendo,16.0,1.0,3.0,"-17.0251,-72.0118"
1302751,24631079.0,LOS PINOS,Inicial - Jardín,Pública de gestión directa,Sector Educación,CALLE PRINCIPAL S/N,Arequipa / Islay / Mollendo,71.0,3.0,3.0,"-17.0274,-72.0154"
1336478,24991350.0,LAPLACE MOLLENDO,Secundaria,Privada,Particular,CALLE HUAMACHUCO 223,Arequipa / Islay / Mollendo,184.0,9.0,6.0,"-17.0200,-72.0137"
1355270,24630404.0,CIENCIAS ITALO PERUANO ENRICO FERMI,Inicial - Jardín,Privada,Particular,MZ F LOTE 2,Arequipa / Islay / Mollendo,14.0,3.0,3.0,"-17.0213,-72.0128"
1368489,24365417.0,ABC GREGORIO MENDEL,Inicial - Jardín,Privada,Particular,AVENIDA MARISCAL CASTILLA 468,Arequipa / Islay / Mollendo,22.0,3.0,3.0,"-17.0246,-72.0108"
1436435,24365417.0,ABC GREGORIO MENDEL,Primaria,Privada,Particular,AVENIDA MARISCAL CASTILLA 468,Arequipa / Islay / Mollendo,44.0,6.0,6.0,"-17.0257,-72.0120"
1518554,26267943.0,CIENCIAS APLICADAS SIR ISAAC NEWTON,Secundaria,Privada,Particular,CALLE AURELIO LA FUENTE 102,Arequipa / Islay / Mollendo,146.0,10.0,8.0,"-17.0218,-72.0142"
1475401,,MIS PRIMEROS PASOS,Inicial No Escolarizado,Pública de gestión directa,Sector Educación,AVENIDA 7 DE JUNIO S/N MZ D LOTE 63,Arequipa / Islay / Mollendo,9.0,0.0,2.0,"-17.0196,-72.0157"
1475402,,RAYITOS DE SOL,Inicial No Escolarizado,Pública de gestión directa,Sector Educación,AVENIDA ESPINAR S/N,Arequipa / Islay / Mollendo,14.0,0.0,1.0,"-17.0187,-72.0115"
1475404,,MI PEQUEÑO MUNDO,Inicial No Escolarizado,Pública de gestión directa,Sector Educación,MZ S LOTE 1,Arequipa / Islay / Mollendo,7.0,0.0,2.0,"-17.0192,-72.0186"
1475406,,ESTRELLITA DE BELEN,Inicial No Escolarizado,Pública de gestión directa,Sector Educación,AUTOPISTA VIA DE EVITAMIENTO MOLLENDO - MEJIA,Arequipa / Islay / Mollendo,7.0,0.0,2.0,"-17.0231,-72.0151"
1621085,22404067.0,40492 DANIEL ALCIDES CARRION,Inicial - Jardín,Pública de gestión directa,Sector Educación,CALLE SAN MARTIN 100,Arequipa / Islay / Mollendo,82.0,3.0,3.0,"-17.0245,-72.0135"
1629666,24511936.0,REYES AZULES,Inicial - Jardín,Privada,Particular,UPIS MIRAMAR MZ Y LOTE 8,Arequipa / Islay / Mollendo,69.0,4.0,4.0,"-17.0262,-72.0126"
55104,,CAPULLITOS,Inicial No Escolarizado,Pública de gestión directa,Sector Educación,CALLE SAN MARTIN 100,Arequipa / Islay / Mollendo,10.0,0.0,2.0,"-17.0277,-72.0146"
55102,,VIRGEN DE FATIMA,Inicial No Escolarizado,Pública de gestión directa,Sector Educación,AVIS LOS PINOS MZ K,Arequipa / Islay / Mollendo,8.0,0.0,2.0,"-17.0242,-72.0140"
1658186,24991350.0,LAPLACE MOLLENDO,Primaria,Privada,Particular,CALLE HUAMACHUCO 223,Arequipa / Islay / Mollendo,144.0,6.0,7.0,"-17.0239,-72.0115"
1662360,26267943.0,CIENCIAS APLICADAS SIR ISAAC NEWTON,Primaria,Privada,Particular,CALLE AURELIO LA FUENTE 102,Arequipa / Islay / Mollendo,246.0,13.0,10.0,"-17.0260,-72.0161"
1672948,24511774.0,SEMILLITAS DE AMOR,Inicial - Cuna Jardín,Privada,Particular,AVENIDA AMANCAES 802,Arequipa / Islay / Mollendo,47.0,4.0,4.0,"-17.0272,-72.0103"
1712512,24580407.0,40476 MERCEDES MANRIQUE FUENTES,Inicial - Jardín,Pública de gestión directa,Sector Educación,MZ F-G,Arequipa / Islay / Mollendo,61.0,3.0,3.0,"-17.0225,-72.0196"
1712520,24991431.0,41050 DIVINO MAESTRO,Inicial - Jardín,Pública de gestión directa,Sector Educación,AVENIDA 30 DE AGOSTO S/N,Arequipa / Islay / Mollendo,45.0,3.0,3.0,"-17.0277,-72.0174"
3869325,,NIÑO DE DIOS,Inicial No Escolarizado,Pública de gestión directa,Sector Educación,MZ D LOTE 8,Arequipa / Islay / Mollendo,18.0,0.0,2.0,"-17.0265,-72.0188"
3869326,,HOGAR DEL BEBE,Inicial No Escolarizado,Pública de gestión directa,Sector Educación,MZ D,Arequipa / Islay / Mollendo,9.0,0.0,2.0,"-17.0227,-72.0127"
1735364,23532174.0,MOLLENDO,Básica Especial - Inicial,Pública de gestión directa,Sector Educación,CALLE PUNO 710,Arequipa / Islay / Mollendo,19.0,4.0,4.0,"-17.0235,-72.0136"
1764380,24365417.0,ABC GREGORIO MENDEL,Secundaria,Privada,Particular,AVENIDA MARISCAL CASTILLA 468,Arequipa / Islay / Mollendo,34.0,10.0,5.0,"-17.0212,-72.0120"
1764851,24377962.0,SAN SILVESTRE,Inicial - Cuna Jardín,Privada,Particular,MZ K LOTE 7,Arequipa / Islay / Mollendo,16.0,3.0,4.0,"-17.0216,-72.0173"
3952014,,SANTA ROSA,Inicial No Escolarizado,Pública de gestión directa,Sector Educación,MZ E LOTE 2,Arequipa / Islay / Mollendo,8.0,0.0,2.0,"-17.0262,-72.0167"
1773282,24631151.0,MARIA AUXILIADORA,Inicial - Jardín,Privada,Particular,AVENIDA MARISCAL CASTILLA 204,Arequipa / Islay / Mollendo,6.0,1.0,3.0,"-17.0199,-72.0156"
3981687,,DESTELLOS DE LUZ,Inicial No Escolarizado,Pública de gestión directa,Sector Educación,CALLE FRANCISCO BOLOGNESI 505,Arequipa / Islay / Mollendo,12.0,0.0,2.0,"-17.0212,-72.0134"
3026481,25635183.0,KINDERLAND MOLLENDO,Inicial - Cuna Jardín,Privada,Particular,CALLE IQUITOS 385 MZ B LOTE 2,Arequipa / Islay / Mollendo,27.0,3.0,4.0,"-17.0249,-72.0195"
3042207,26167957.0,MONTESSORI MOLLENDO COLLEGE,Inicial - Jardín,Privada,Particular,AVENIDA 16 S/N MZ LL LOTE 8-9,Arequipa / Islay / Mollendo,5.0,3.0,2.0,"-17.0281,-72.0192"
4001195,,MI PEQUEÑO JOSE,Inicial No Escolarizado,Pública de gestión directa,Sector Educación,CALLE COLOMBIA S/N,Arequipa / Islay / Mollendo,11.0,0.0,2.0,"-17.0204,-72.0190"
4006705,,LUZ DE ESPERANZA,Inicial No Escolarizado,Pública de gestión directa,Sector Educación,AVENIDA 30 DE AGOSTO S/N,Arequipa / Islay / Mollendo,9.0,0.0,2.0,"-17.0231,-72.0194"
225326,24216675.0,NIÑO JESUS DE PRAGA,Inicial - Jardín,Pública de gestión directa,Sector Educación,AVENIDA PROGRESO S/N,Arequipa / Islay / Cocachacra,143.0,8.0,8.0,"-17.0883,-71.7529"
226092,24216837.0,DIVINO NIÑO JESUS,Inicial - Jardín,Pública de gestión directa,Sector Educación,CALLE PERU S/N,Arequipa / Islay / Cocachacra,36.0,3.0,3.0,"-17.0839,-71.7532"
287813,24991768.0,41048 CRISTO REY,Primaria,Pública de gestión directa,Sector Educación,CALLE TACNA 612,Arequipa / Islay / Cocachacra,357.0,18.0,14.0,"-17.0843,-71.7614"
307835,22282786.0,41513 SAGRADO CORAZON DE JESUS,Primaria,Pública de gestión directa,Sector Educación,AVENIDA PERU S/N,Arequipa / Islay / Cocachacra,107.0,7.0,6.0,"-17.0909,-71.7541"
309476,24991504.0,MARIANO E. RIVERO Y USTARIZ,Secundaria,Pública de gestión directa,Sector Educación,AVENIDA PROGRESO 1200,Arequipa / Islay / Cocachacra,349.0,36.0,17.0,"-17.0859,-71.7608"
313627,24580245.0,40482 SAN MARTIN DE PORRES,Primaria,Pública de gestión directa,Sector Educación,AVENIDA PROGRESO S/N,Arequipa / Islay / Cocachacra,249.0,15.0,12.0,"-17.0870,-71.7587"
313635,22283693.0,40483,Primaria,Pública de gestión directa,Sector Educación,CALLE PRINCIPAL S/N,Arequipa / Islay / Cocachacra,3.0,1.0,2.0,"-17.0880,-71.7538"
313759,22308459.0,40498,Primaria,Pública de gestión directa,Sector Educación,PLAZA PRINCIPAL,Arequipa / Islay / Cocachacra,20.0,2.0,5.0,"-17.0929,-71.7594"
313767,22283367.0,40499,Primaria,Pública de gestión directa,Sector Educación,CALLE SANTA MARIA S/N,Arequipa / Islay / Cocachacra,3.0,1.0,3.0,"-17.0879,-71.7533"
313775,22308114.0,40500,Primaria,Pública de gestión directa,Sector Educación,CALLE PRINCIPAL,Arequipa / Islay / Cocachacra,9.0,1.0,6.0,"-17.0928,-71.7593"
313791,22283286.0,40502,Primaria,Pública de gestión directa,Sector Educación,CALLE PRINCIPAL S/N,Arequipa / Islay / Cocachacra,4.0,2.0,2.0,"-17.0878,-71.7532"
610659,23530686.0,CHUCARAPI,Secundaria,Pública de gestión directa,Sector Educación,CALLE VILLA HERMOSA,Arequipa / Islay / Cocachacra,150.0,16.0,7.0,"-17.0877,-71.7551"
637397,22308297.0,40491,Primaria,Pública de gestión directa,Sector Educación,CARRETERA QUELGUA GRANDE S/N,Arequipa / Islay / Cocachacra,4.0,1.0,4.0,"-17.0933,-71.7568"
745984,23532255.0,40518,Primaria,Pública de gestión directa,Sector Educación,CARRETERA PANAMERICANA SUR KM 1040,Arequipa / Islay / Cocachacra,29.0,3.0,6.0,"-17.0892,-71.7614"
844753,26268109.0,JESUS DE NAZARETH,Primaria,Privada,Particular,CALLE DEAN VALDIVIA S/N MZ B8 LOTE 04,Arequipa / Islay / Cocachacra,115.0,7.0,7.0,"-17.0899,-71.7620"
890996,26268109.0,JESUS DE NAZARETH,Inicial - Jardín,Privada,Particular,CALLE DEAN VALDIVIA S/N MZ B8 LOTE 04,Arequipa / Islay / Cocachacra,31.0,3.0,3.0,"-17.0913,-71.7593"
1344233,26268109.0,JESUS DE NAZARETH,Secundaria,Privada,Particular,CALLE DEAN VALDIVIA S/N MZ B8 LOTE 04,Arequipa / Islay / Cocachacra,70.0,9.0,4.0,"-17.0913,-71.7612"
1344266,22306881.0,VALLE ARRIBA DE TAMBO,Secundaria,Pública de gestión directa,Sector Educación,CALLE UNION MZ K LOTE 08,Arequipa / Islay / Cocachacra,35.0,11.0,5.0,"-17.0900,-71.7542"
1302769,22305719.0,EL FISCAL,Inicial - Jardín,Pública de gestión directa,Sector Educación,AVIS EL FISCAL S/N,Arequipa / Islay / Cocachacra,18.0,2.0,3.0,"-17.0836,-71.7621"
1503602,,SANTA MARIA,Inicial No Escolarizado,Pública de gestión directa,Sector Educación,DELIA R. ALVAREZ MZ A LOTE 6,Arequipa / Islay / Cocachacra,10.0,0.0,3.0,"-17.0855,-71.7551"
1503605,,MI INFANCIA FELIZ,Inicial No Escolarizado,Pública de gestión directa,Sector Educación,PLAZA PRINCIPAL,Arequipa / Islay / Cocachacra,5.0,0.0,3.0,"-17.0836,-71.7553"
1503611,,MIS PRIMEROS AÑOS,Inicial No Escolarizado,Pública de gestión directa,Sector Educación,VILLA DEL VALLE,Arequipa / Islay / Cocachacra,8.0,0.0,3.0,"-17.0926,-71.7549"
1503613,,LOS CARIÑOSITOS,Inicial No Escolarizado,Pública de gestión directa,Sector Educación,AVENIDA AREQUIPA S/N,Arequipa / Islay / Cocachacra,5.0,0.0,2.0,"-17.0925,-71.7572"
1621069,22305141.0,JOSE OLAYA,Inicial - Jardín,Pública de gestión directa,Sector Educación,CALLE LIBERTAD S/N,Arequipa / Islay / Cocachacra,2.0,1.0,1.0,"-17.0904,-71.7564"
1649672,24580245.0,40482 SAN MARTIN DE PORRES,Inicial - Jardín,Pública de gestión directa,Sector Educación,AVENIDA PROGRESO S/N,Arequipa / Islay / Cocachacra,61.0,4.0,3.0,"-17.0911,-71.7618"
1679901,24631230.0,RONDA INFANTIL,Inicial - Jardín,Pública de gestión directa,Sector Educación,AVIS SANTA CRUZ,Arequipa / Islay / Cocachacra,11.0,2.0,3.0,"-17.0874,-71.7525"
1503618,,MUNDO DE LOS NIÑOS,Inicial No Escolarizado,Pública de gestión directa,Sector Educación,CALLE PRINCIPAL S/N,Arequipa / Islay / Cocachacra,3.0,0.0,3.0,"-17.0888,-71.7572"
1712504,22305638.0,ESTRELLA DE BELEN,Inicial - Jardín,Pública de gestión directa,Sector Educación,RAMON CASTILLA,Arequipa / Islay / Cocachacra,13.0,1.0,3.0,"-17.0894,-71.7531"
1759174,24762815.0,PASITOS DE ESPERANZA,Inicial - Jardín,Pública de gestión directa,Sector Educación,PLAZA PRINCIPAL S/N MZ A LOTE 8,Arequipa / Islay / Cocachacra,3.0,1.0,2.0,"-17.0931,-71.7615"
3935564,,MANITOS CREATIVAS,Inicial No Escolarizado,Pública de gestión directa,Sector Educación,CALLE PROGRESO S/N,Arequipa / Islay / Cocachacra,12.0,0.0,2.0,"-17.0840,-71.7568"
3989668,,GOTITAS DE ALEGRIA,Inicial No Escolarizado,Pública de gestión directa,Sector Educación,AVENIDA LIBERTAD S/N,Arequipa / Islay / Cocachacra,14.0,0.0,2.0,"-17.0838,-71.7560"
3992340,,RISITAS DE GIUKENLU,Inicial No Escolarizado,Pública de gestión directa,Sector Educación,CALLE JOSE OLAYA MZ H LOTE 6,Arequipa / Islay / Cocachacra,14.0,0.0,2.0,"-17.0849,-71.7610"
3992341,,SONRISITAS DE AMOR,Inicial No Escolarizado,Pública de gestión directa,Sector Educación,CALLE MIRADOR MZ I LOTE 5,Arequipa / Islay / Cocachacra,10.0,0.0,2.0,"-17.0898,-71.7604"
225342,24216756.0,EL ARENAL,Inicial - Jardín,Pública de gestión directa,Sector Educación,CALLE INTERNACIONAL S/N,Arequipa / Islay / Dean Valdivia,49.0,3.0,3.0,"-17.1115,-71.8457"
310169,22305220.0,FRANCISCO LOPEZ DE ROMAÑA,Secundaria,Pública de gestión directa,Sector Educación,AVENIDA PROLONGACION GUARDIOLA S/N,Arequipa / Islay / Dean Valdivia,252.0,25.0,11.0,"-17.1137,-71.8395"
313643,22283510.0,40484 VIRGEN DE FATIMA,Primaria,Pública de gestión directa,Sector Educación,CALLE FATIMA S/N,Arequipa / Islay / Dean Valdivia,251.0,16.0,12.0,"-17.1123,-71.8390"
313650,22283448.0,40485 RUBEN LINARES LINARES,Primaria,Pública de gestión directa,Sector Educación,CALLE INTERNACIONAL S/N,Arequipa / Islay / Dean Valdivia,154.0,9.0,7.0,"-17.1178,-71.8480"
313809,22283103.0,40503 JOSE OLAYA,Primaria,Pública de gestión directa,Sector Educación,CALLE AREQUIPA 112,Arequipa / Islay / Dean Valdivia,3.0,2.0,2.0,"-17.1176,-71.8438"
313817,22283022.0,40504 LUISA BEGAZO DE DEL CARPIO,Primaria,Pública de gestión directa,Sector Educación,CALLE PRINCIPAL S/N,Arequipa / Islay / Dean Valdivia,72.0,6.0,6.0,"-17.1143,-71.8410"
523787,22306391.0,DIVINO SALVADOR,Inicial - Jardín,Pública de gestión directa,Sector Educación,AVENIDA DEAN VALDIVIA S/N,Arequipa / Islay / Dean Valdivia,70.0,4.0,4.0,"-17.1112,-71.8472"
579771,22307045.0,CIRO ALEGRIA BAZAN,Secundaria,Pública de gestión directa,Sector Educación,CALLE JOSE OLAYA 330,Arequipa / Islay / Dean Valdivia,205.0,21.0,10.0,"-17.1132,-71.8404"
890871,22298135.0,NUESTRA SEÑORA DE LA MERCED,Inicial - Jardín,Pública de gestión directa,Sector Educación,ALTO ENSENADA,Arequipa / Islay / Dean Valdivia,55.0,3.0,3.0,"-17.1140,-71.8471"
891234,25270347.0,MIGUEL DE CERVANTES SAAVEDRA,Inicial - Jardín,Pública de gestión directa,Sector Educación,CALLE LIMA S/N,Arequipa / Islay / Dean Valdivia,3.0,1.0,3.0,"-17.1185,-71.8424"
1492750,22307533.0,ALTO BOQUERON,Inicial - Jardín,Pública de gestión directa,Sector Educación,ALTO BOQUERON,Arequipa / Islay / Dean Valdivia,29.0,2.0,3.0,"-17.1143,-71.8441"
1621051,22304801.0,LEONOR BERNEDO DE JUAREZ,Inicial - Cuna Jardín,Pública de gestión directa,Sector Educación,JIRON LIMA S/N MZ P LOTE 10,Arequipa / Islay / Dean Valdivia,58.0,4.0,4.0,"-17.1153,-71.8478"
55106,,PIMPOLLITOS,Inicial No Escolarizado,Pública de gestión directa,Sector Educación,AVIS VIRGEN DE FATIMA,Arequipa / Islay / Dean Valdivia,11.0,0.0,2.0,"-17.1129,-71.8390"
1679893,22305301.0,ESTRELLITAS,Inicial - Jardín,Pública de gestión directa,Sector Educación,PROGRESO DEL VALLE S/N,Arequipa / Islay / Dean Valdivia,19.0,2.0,3.0,"-17.1179,-71.8466"
55110,,MI MUNDO FELIZ,Inicial No Escolarizado,Pública de gestión directa,Sector Educación,CALLE 2 DE MAYO SECTOR SAN JUAN S/N,Arequipa / Islay / Dean Valdivia,7.0,0.0,2.0,"-17.1118,-71.8408"
1697341,24630994.0,LA PLACE,Secundaria,Privada,Particular,JIRON 02 DE MAYO S/N,Arequipa / Islay / Dean Valdivia,159.0,8.0,7.0,"-17.1130,-71.8421"
3966008,,VIRGEN DE LAS MERCEDES,Inicial No Escolarizado,Pública de gestión directa,Sector Educación,VIRGEN DE FATIMA,Arequipa / Islay / Dean Valdivia,11.0,0.0,3.0,"-17.1183,-71.8411"
1773266,24631311.0,SAINT MICHAEL THE ARCHANGEL,Primaria,Privada,Particular,AVENIDA INDEPENDENCIA S7N MZ G LOTE 01,Arequipa / Islay / Dean Valdivia,39.0,8.0,6.0,"-17.1137,-71.8477"
1773274,24631311.0,SAINT MICHAEL THE ARCHANGEL,Secundaria,Privada,Particular,AVENIDA INDEPENDENCIA S7N MZ G LOTE 01,Arequipa / Islay / Dean Valdivia,17.0,8.0,4.0,"-17.1115,-71.8483"
1776145,24630994.0,LA PLACE,Primaria,Privada,Particular,JIRON 02 DE MAYO S/N,Arequipa / Islay / Dean Valdivia,19.0,3.0,3.0,"-17.1147,-71.8389"
3996430,,MI PEQUEÑO JUAN PABLO,Inicial No Escolarizado,Pública de gestión directa,Sector Educación,CALLE UNION COSTANERA S/N A DOS CUADRAS DE LA LOZA,Arequipa / Islay / Dean Valdivia,6.0,0.0,3.0,"-17.1155,-71.8482"
309740,22974718.0,40479 MIGUEL GRAU,Secundaria,Pública de gestión directa,Sector Educación,CALLE MIGUEL GRAU S/N,Arequipa / Islay / Islay,319.0,27.0,15.0,"-16.9929,-72.0560"
313593,22974718.0,40479 MIGUEL GRAU,Primaria,Pública de gestión directa,Sector Educación,CALLE MIGUEL GRAU S/N,Arequipa / Islay / Islay,362.0,18.0,14.0,"-16.9994,-72.0581"
503060,22299875.0,MICAELA BASTIDAS,Inicial - Jardín,Pública de gestión directa,Sector Educación,CALLE MARIANO MELGAR S/N,Arequipa / Islay / Islay,62.0,4.0,4.0,"-16.9957,-72.0647"
1302744,22300199.0,MI PEQUEÑO PARAISO,Inicial - Jardín,Pública de gestión directa,Sector Educación,AVENIDA AREQUIPA S/N,Arequipa / Islay / Islay,73.0,6.0,6.0,"-16.9988,-72.0608"
1518562,24630811.0,ESPIRITU SANTO,Primaria,Privada,Particular,MZ I LOTE 8,Arequipa / Islay / Islay,113.0,6.0,6.0,"-16.9993,-72.0608"
55101,,LOS JASMINES,Inicial No Escolarizado,Pública de gestión directa,Sector Educación,AVIS VILLA EL PESCADOR,Arequipa / Islay / Islay,8.0,0.0,2.0,"-16.9934,-72.0562"
1634583,24630811.0,ESPIRITU SANTO,Inicial - Jardín,Privada,Particular,MZ I LOTE 8,Arequipa / Islay / Islay,48.0,3.0,3.0,"-16.9997,-72.0605"
1694991,22973568.0,EL BUEN PASTOR,Primaria,Pública de gestión directa,Sector Educación,MZ B,Arequipa / Islay / Islay,135.0,7.0,6.0,"-16.9950,-72.0600"
1712470,22307381.0,BRISAS DE ISLAY,Inicial - Jardín,Pública de gestión directa,Sector Educación,APVIS BRISAS DE ISLAY,Arequipa / Islay / Islay,38.0,2.0,3.0,"-17.0006,-72.0573"
1712488,22973568.0,EL BUEN PASTOR,Inicial - Jardín,Pública de gestión directa,Sector Educación,MZ B,Arequipa / Islay / Islay,47.0,3.0,3.0,"-16.9999,-72.0600"
1712496,24640140.0,VILLA EL PESCADOR,Inicial - Jardín,Pública de gestión directa,Sector Educación,MZ A LOTE 2,Arequipa / Islay / Islay,16.0,1.0,3.0,"-17.0001,-72.0577"
3869331,,ARCO IRIS,Inicial No Escolarizado,Pública de gestión directa,Sector Educación,AVIS PUERTO RICO MZ F LOTE 4,Arequipa / Islay / Islay,14.0,0.0,3.0,"-16.9925,-72.0631"
3920798,,ANGELES DE MARIA,Inicial No Escolarizado,Pública de gestión directa,Sector Educación,VILLA SUREÑA 2,Arequipa / Islay / Islay,12.0,0.0,1.0,"-16.9942,-72.0609"
3935563,,ANGELITOS DE DIOS,Inicial No Escolarizado,Pública de gestión directa,Sector Educación,CALLE MARIANO MELGAR MZ W LOTE 6,Arequipa / Islay / Islay,16.0,0.0,2.0,"-16.9920,-72.0644"
1764372,24378047.0,VEN EULER,Inicial - Jardín,Privada,Particular,CALLE MARIANO MELGAR S/N,Arequipa / Islay / Islay,5.0,1.0,2.0,"-16.9993,-72.0567"
1773712,22973568.0,EL BUEN PASTOR,Secundaria,Pública de gestión directa,Sector Educación,MZ B,Arequipa / Islay / Islay,103.0,8.0,5.0,"-17.0000,-72.0581"
3988138,,GOTITAS DE AMOR,Inicial No Escolarizado,Pública de gestión directa,Sector Educación,MZ D LOTE 7,Arequipa / Islay / Islay,12.0,0.0,2.0,"-16.9969,-72.0582"
313718,22976796.0,40494 JOSE ABELARDO QUIÑONES,Primaria,Pública de gestión directa,Sector Educación,CALLE TAMBO S/N,Arequipa / Islay / Mejia,148.0,8.0,7.0,"-16.9996,-72.0636"
617548,22976796.0,40494 JOSE ABELARDO QUIÑONES,Secundaria,Pública de gestión directa,Sector Educación,CALLE TAMBO S/N,Arequipa / Islay / Mejia,142.0,19.0,8.0,"-16.9958,-72.0579"
766659,22297899.0,SAN JOSE,Inicial - Jardín,Pública de gestión directa,Sector Educación,CALLE BOLIVAR S/N,Arequipa / Islay / Mejia,39.0,3.0,3.0,"-16.9910,-72.0598"
3996431,,LAS GAVIOTAS,Inicial No Escolarizado,Pública de gestión directa,Sector Educación,CALLE UPIS JOSE CARLOS MARIATEGUI MZ J LOTE 9,Arequipa / Islay / Mejia,13.0,0.0,2.0,"-16.9960,-72.0611"
225334,22298399.0,NUESTRA SEÑORA DE LA MEDALLA MILAGROSA,Inicial - Jardín,Pública de gestión directa,Sector Educación,AVENIDA ERNESTO OLAZABAL S/N,Arequipa / Islay / Punta de Bombón,77.0,6.0,6.0,"-17.1681,-71.7925"
287821,26465370.0,41049 EVERARDO ZAPATA SANTILLANA,Primaria,Pública de gestión directa,Sector Educación,CALLE OLAZABAL S/N,Arequipa / Islay / Punta de Bombón,238.0,16.0,12.0,"-17.1725,-71.7945"
308346,26465370.0,41049 EVERARDO ZAPATA SANTILLANA,Básica Alternativa - Inicial e Intermedio,Pública de gestión directa,Sector Educación,CALLE OLAZABAL S/N,Arequipa / Islay / Punta de Bombón,16.0,1.0,4.0,"-17.1760,-71.7895"
309484,22297635.0,VICTOR MANUEL TORRES CACERES,Secundaria,Pública de gestión directa,Sector Educación,CALLE VICTOR LIRA S/N,Arequipa / Islay / Punta de Bombón,458.0,38.0,19.0,"-17.1717,-71.7887"
313676,22976877.0,40488 ERNESTO DE OLAZABAL LLOSA,Primaria,Pública de gestión directa,Sector Educación,CALLE PIZARRO S/N,Arequipa / Islay / Punta de Bombón,181.0,10.0,8.0,"-17.1756,-71.7976"
313692,24630242.0,40490 SEÑOR DE LOS DESAMPARADOS,Primaria,Pública de gestión directa,Sector Educación,AVENIDA OLAZABAL DE RIVERO S/N,Arequipa / Islay / Punta de Bombón,151.0,8.0,6.0,"-17.1727,-71.7927"
313825,22282948.0,40505,Primaria,Pública de gestión directa,Sector Educación,CALLE SAN MARTIN S/N,Arequipa / Islay / Punta de Bombón,17.0,2.0,6.0,"-17.1723,-71.7931"
477570,22282867.0,40506 EDUARDO LOPEZ DE ROMAÑA,Primaria,Pública de gestión directa,Sector Educación,CALLE MIGUEL GRAU S/N,Arequipa / Islay / Punta de Bombón,3.0,1.0,3.0,"-17.1687,-71.7980"
898304,26268443.0,SAN RAFAEL,Inicial - Jardín,Privada,Particular,CALLE SAN MARTIN 101,Arequipa / Islay / Punta de Bombón,7.0,1.0,3.0,"-17.1741,-71.7935"
898338,26268443.0,SAN RAFAEL,Primaria,Privada,Particular,CALLE SAN MARTIN 101,Arequipa / Islay / Punta de Bombón,56.0,6.0,6.0,"-17.1754,-71.7914"
1344126,24991687.0,MILAGROSO NIÑO JESUS,Inicial - Jardín,Pública de gestión directa,Sector Educación,COSTANERA SUR,Arequipa / Islay / Punta de Bombón,32.0,3.0,3.0,"-17.1669,-71.7902"
1492768,24630242.0,40490 SEÑOR DE LOS DESAMPARADOS,Inicial - Jardín,Pública de gestión directa,Sector Educación,AVENIDA OLAZABAL DE RIVERO S/N,Arequipa / Islay / Punta de Bombón,61.0,4.0,3.0,"-17.1680,-71.7944"
1500502,,MI MUNDO INFANTIL,Inicial No Escolarizado,Pública de gestión directa,Sector Educación,SANTA MARIA,Arequipa / Islay / Punta de Bombón,9.0,0.0,3.0,"-17.1755,-71.7931"
1621077,22976877.0,40488 ERNESTO DE OLAZABAL LLOSA,Inicial - Jardín,Pública de gestión directa,Sector Educación,CALLE PIZARRO S/N,Arequipa / Islay / Punta de Bombón,94.0,3.0,3.0,"-17.1707,-71.7928"
55108,,ANGELITO DE LA GUARDA,Inicial No Escolarizado,Pública de gestión directa,Sector Educación,SANTA MONICA,Arequipa / Islay / Punta de Bombón,11.0,0.0,2.0,"-17.1757,-71.7927"
55109,,DIVINO NIÑO,Inicial No Escolarizado,Pública de gestión directa,Sector Educación,CALLE SAN MARTIN S/N,Arequipa / Islay / Punta de Bombón,9.0,0.0,3.0,"-17.1756,-71.7925"
55112,,LUCESITAS,Inicial No Escolarizado,Pública de gestión directa,Sector Educación,CALLE PIZARRO S/N,Arequipa / Islay / Punta de Bombón,14.0,0.0,2.0,"-17.1666,-71.7964"
3967547,,BOMBONCITOS,Inicial No Escolarizado,Pública de gestión directa,Sector Educación,AVENIDA OLAZABAL DE RIVERO S/N,Arequipa / Islay / Punta de Bombón,10.0,0.0,3.0,"-17.1713,-71.7965"
4001196,,VIRGEN DEL CARMEN,Inicial No Escolarizado,Pública de gestión directa,Sector Educación,CALLE PERU S/N,Arequipa / Islay / Punta de Bombón,6.0,0.0,2.0,"-17.1705,-71.7926"
